Titlu,Autor,An,Categorie,Descriere
Ion,Liviu Rebreanu,1920,Literatură română,Roman despre un țăran ardelean obsedat de dobândirea pământului.
Pădurea spânzuraților,Liviu Rebreanu,1922,Literatură română,Roman despre drama unui ofițer ardelean silit să lupte pentru Austro-Ungaria.
Răscoala,Liviu Rebreanu,1932,Literatură română,Roman despre răscoala țărănească din 1907 și cauzele ei sociale.
Moromeții,Marin Preda,1955,Literatură română,Roman despre viața unei familii de țărani din Câmpia Dunării înaintea celui de-al Doilea Război Mondial.
Cel mai iubit dintre pământeni,Marin Preda,1980,Literatură română,Roman despre destinul unui intelectual în anii regimului comunist.
Enigma Otiliei,George Călinescu,1938,Literatură română,"Roman despre moștenire, familie și iubire în București, la începutul secolului XX."
"Ultima noapte de dragoste, întâia noapte de război",Camil Petrescu,1930,Literatură română,Roman despre gelozie și despre experiența frontului în Primul Război Mondial.
Patul lui Procust,Camil Petrescu,1933,Literatură română,"Roman modernist despre iubire și percepții subiective, construit din mai multe puncte de vedere."
Baltagul,Mihail Sadoveanu,1930,Literatură română,Roman despre o femeie care pornește în căutarea soțului dispărut în munți.
Frații Jderi,Mihail Sadoveanu,1935,Literatură română,Trilogie istorică despre Moldova lui Ștefan cel Mare.
Moara cu noroc,Ioan Slavici,1881,Literatură română,Nuvelă despre lăcomie și destin nefast la o moară de la marginea satului.
Mara,Ioan Slavici,1906,Literatură română,Roman despre o văduvă comerciantă și relațiile de familie din Ardeal.
Craii de Curtea-Veche,Mateiu Caragiale,1929,Literatură română,Roman despre decadența unui grup de boemi bucureșteni de la începutul secolului XX.
Groapa,Eugen Barbu,1957,Literatură română,Roman despre viața unui cartier mărginaș bucureștean din perioada interbelică.
Cronică de familie,Petru Dumitriu,1956,Literatură română,Roman de amploare despre decăderea unei familii boierești românești.
Orbitor,Mircea Cărtărescu,1996,Literatură română,"Trilogie romanescă ce amestecă memoria, mitul și fantasticul într-un București vizionar."
Solenoid,Mircea Cărtărescu,2015,Literatură română,Roman despre un profesor de română obsedat de vise și de o realitate paralelă.
Cartea șoaptelor,Varujan Vosganian,2009,Literatură română,Roman despre memoria comunității armene din România și tragedia genocidului.
Adela,Garabet Ibrăileanu,1933,Literatură română,"Roman epistolar despre o iubire neîmplinită la Iași, la începutul secolului XX."
Concert din muzică de Bach,Hortensia Papadat-Bengescu,1927,Literatură română,"Roman despre familia Hallipa, în ciclul romanesc al autoarei."
Toate pânzele sus!,Radu Tudoran,1954,Literatură română,Roman de aventuri despre un tânăr care pornește pe mare pentru a-și găsi tatăl.
Ciocoii vechi și noi,Nicolae Filimon,1863,Literatură română,Roman despre ascensiunea unui parvenit în societatea românească a secolului XIX.
Viața la țară,Duiliu Zamfirescu,1894,Literatură română,Roman despre viața moșierimii române de la sfârșitul secolului XIX.
Întunecare,Cezar Petrescu,1927,Literatură română,Roman despre destinul unei generații afectate de Primul Război Mondial.
Zodia Cancerului sau Vremea Ducăi-Vodă,Mihail Sadoveanu,1929,Literatură română,Roman istoric despre intrigile de la curtea Moldovei în secolul XVII.
Zilele regelui,Filip Florian,2008,Literatură română,"Roman despre sosirea lui Carol I în Principatele Unite, văzută prin ochii unui câine."
Degete mici,Filip Florian,2005,Literatură română,Roman despre descoperirea unor oseminte într-un sat de munte și tensiunile pe care le stârnește.
Sunt o babă comunistă!,Dan Lungu,2007,Literatură română,Roman despre nostalgia unei foste muncitoare pentru perioada comunistă.
Simion Liftnicul,Petru Cimpoeșu,2001,Literatură română,Roman despre un liftier dintr-un oraș de provincie și transformarea sa neașteptată.
Provizorat,Gabriela Adameșteanu,2010,Literatură română,Roman despre o poveste de dragoste pe fondul vieții cotidiene din perioada comunistă.
Dimineață pierdută,Gabriela Adameșteanu,1984,Literatură română,Roman despre destinul mai multor generații ale unei familii bucureștene.
Absent,Lavinia Braniște,2016,Literatură română,Roman despre viața unei tinere traducătoare din România contemporană.
1984,George Orwell,1949,Literatură străină,Roman distopic despre supraveghere totală și controlul statului asupra gândirii individuale.
Mândrie și prejudecată,Jane Austen,1813,Literatură străină,Roman despre relații sociale și căsătorie în Anglia rurală de la începutul secolului XIX.
Crimă și pedeapsă,Feodor Dostoievski,1866,Literatură străină,"Roman psihologic despre vinovăție și mântuire, centrat pe un tânăr care comite o crimă."
Moby Dick,Herman Melville,1851,Literatură străină,Povestea unei obsesii: căpitanul Ahab urmărește balena albă care i-a distrus viața.
Marele Gatsby,F. Scott Fitzgerald,1925,Literatură străină,"Roman despre bogăție, iluzii și dragoste neîmplinită în America anilor 1920."
Fahrenheit 451,Ray Bradbury,1953,Literatură străină,Roman distopic dintr-o lume în care cărțile sunt interzise și arse de pompieri.
Război și pace,Lev Tolstoi,1869,Literatură străină,Epopee despre societatea rusă în timpul războaielor napoleoniene.
Don Quijote,Miguel de Cervantes,1605,Literatură străină,Aventurile unui hidalgo care își pierde mințile citind romane cavalerești.
Ulise,James Joyce,1922,Literatură străină,Roman modernist ce urmărește o singură zi din viața a doi bărbați din Dublin.
În căutarea timpului pierdut,Marcel Proust,1913,Literatură străină,Ciclu romanesc despre memorie involuntară și trecerea timpului.
Procesul,Franz Kafka,1925,Literatură străină,"Roman despre un om acuzat de o crimă niciodată numită, prins într-un sistem birocratic absurd."
Metamorfoza,Franz Kafka,1915,Literatură străină,Nuvelă despre un vânzător care se trezește transformat într-o insectă uriașă.
Un veac de singurătate,Gabriel García Márquez,1967,Literatură străină,Roman despre mai multe generații ale familiei Buendía într-un sat fictiv din America de Sud.
Numele trandafirului,Umberto Eco,1980,Literatură străină,Roman polițist medieval petrecut într-o mănăstire benedictină.
Străinul,Albert Camus,1942,Literatură străină,"Roman despre indiferența unui om față de propria existență, după o crimă comisă absurd."
Ciuma,Albert Camus,1947,Literatură străină,Roman despre un oraș algerian izolat de o epidemie și despre solidaritatea umană.
Greața,Jean-Paul Sartre,1938,Literatură străină,Roman filosofic despre criza existențială a unui istoric singuratic.
Lolita,Vladimir Nabokov,1955,Literatură străină,Roman despre obsesia distructivă a unui bărbat matur pentru o adolescentă.
Zorba Grecul,Nikos Kazantzakis,1946,Literatură străină,Roman despre prietenia dintre un intelectual retras și un grec plin de vitalitate.
Anna Karenina,Lev Tolstoi,1877,Literatură străină,Roman despre o femeie măritată care își riscă totul pentru o pasiune interzisă.
Poezii,Mihai Eminescu,1884,Poezie,Singurul volum de poezii publicat în timpul vieții marelui poet romantic român.
Plumb,George Bacovia,1916,Poezie,"Volum de debut, definitoriu pentru simbolismul românesc, dominat de teme ale singurătății."
Poemele luminii,Lucian Blaga,1919,Poezie,"Volum de debut al poetului filosof, marcat de teme cosmice și existențiale."
Cuvinte potrivite,Tudor Arghezi,1927,Poezie,"Volum ce reunește o parte importantă a liricii lui Arghezi, inclusiv psalmii."
11 elegii,Nichita Stănescu,1966,Poezie,"Ciclu de poeme despre limbaj, dragoste și cunoaștere."
"Octombrie, Noiembrie, Decembrie",Ana Blandiana,1972,Poezie,Volum de poezie despre trecerea anotimpurilor și fragilitatea vieții.
La Lilieci,Marin Sorescu,1973,Poezie,"Ciclu de poeme despre viața satului oltenesc, în versuri libere."
Singur printre poeți,Marin Sorescu,1964,Poezie,Volum de parodii și pastișe ale marilor poeți români.
Florile răului,Charles Baudelaire,1857,Poezie,"Volum fondator al poeziei moderne, centrat pe frumusețe, decadență și moarte."
Un anotimp în infern,Arthur Rimbaud,1873,Poezie,Poem în proză despre o criză spirituală și artistică.
Foi de iarbă,Walt Whitman,1855,Poezie,"Volum fondator al poeziei americane moderne, celebrând individul și democrația."
Elegii duineze,Rainer Maria Rilke,1922,Poezie,"Ciclu de poeme despre condiția umană, frumusețe și transcendență."
Douăzeci de poeme de dragoste și un cântec disperat,Pablo Neruda,1924,Poezie,Volum de poezie de dragoste al scriitorului chilian laureat Nobel.
Sonete,William Shakespeare,1609,Poezie,"Ciclu de 154 de sonete despre iubire, timp și frumusețe."
O scrisoare pierdută,Ion Luca Caragiale,1884,Teatru,Comedie despre corupția și mascaradele politice dintr-un oraș de provincie.
O noapte furtunoasă,Ion Luca Caragiale,1879,Teatru,Comedie despre gelozie și neînțelegeri într-o familie mic-burgheză bucureșteană.
D-ale carnavalului,Ion Luca Caragiale,1885,Teatru,Comedie despre încurcături amoroase petrecute în perioada carnavalului.
Steaua fără nume,Mihail Sebastian,1944,Teatru,Piesă despre un profesor de provincie și o călătoare misterioasă sosită cu trenul.
Jocul de-a vacanța,Mihail Sebastian,1938,Teatru,Piesă despre un grup de prieteni reuniți într-o vilă de vacanță.
Iona,Marin Sorescu,1968,Teatru,Monodramă despre un pescar închis simbolic în burta unui pește uriaș.
Rinocerii,Eugène Ionescu,1959,Teatru,Piesă absurdă despre transformarea treptată a locuitorilor unui oraș în rinoceri.
Cântăreața cheală,Eugène Ionescu,1950,Teatru,"Piesă de teatru al absurdului, construită din dialoguri fără sens aparent."
Hamlet,William Shakespeare,1601,Teatru,Tragedie despre un prinț danez care își răzbună tatăl ucis.
Avarul,Molière,1668,Teatru,Comedie despre zgârcenia unui bătrân bogat care își pune familia în pericol.
Stăpânul Inelelor: Frăția Inelului,J.R.R. Tolkien,1954,Fantezie & SF,Prima parte a epopeii fantasy despre distrugerea unui inel al puterii.
Hobbitul,J.R.R. Tolkien,1937,Fantezie & SF,Roman fantasy despre călătoria unui hobbit alături de pitici și un vrăjitor.
Fundația,Isaac Asimov,1951,Fantezie & SF,Roman SF despre declinul unui imperiu galactic și încercarea de a scurta epoca de haos.
"Eu, robotul",Isaac Asimov,1950,Fantezie & SF,Colecție de povestiri SF construite în jurul legilor roboticii.
Dune,Frank Herbert,1965,Fantezie & SF,Roman SF despre lupta pentru controlul unei planete deșertice esențiale pentru galaxie.
Neuromantul,William Gibson,1984,Fantezie & SF,"Roman fondator al genului cyberpunk, despre un hacker angajat pentru o misiune periculoasă."
Solaris,Stanisław Lem,1961,Fantezie & SF,Roman SF despre o stație științifică aflată în orbita unei planete-ocean inteligente.
Cronici marțiene,Ray Bradbury,1950,Fantezie & SF,Colecție de povestiri despre colonizarea planetei Marte de către oameni.
Jocul lui Ender,Orson Scott Card,1985,Fantezie & SF,Roman SF despre un copil antrenat să conducă flota umană într-un război interstelar.
Șah la păpuși,Vladimir Colin,1957,Fantezie & SF,Volum de povestiri SF ale unuia dintre pionierii genului în literatura română.
Legendele Țării lui Vam,Vladimir Colin,1961,Fantezie & SF,"Ciclu de povestiri fantastice românești, situate într-un ținut imaginar."
"Cronicile Narniei: Leul, Vrăjitoarea și Dulapul",C.S. Lewis,1950,Fantezie & SF,Roman fantasy despre patru copii care descoperă o lume magică printr-un dulap.
Crimă pe Orient Express,Agatha Christie,1934,Thriller & Mister,Roman polițist despre o crimă comisă într-un tren blocat de zăpadă.
Zece negri mititei,Agatha Christie,1939,Thriller & Mister,"Roman polițist despre zece străini adunați pe o insulă izolată, uciși pe rând."
Trenul de 16:50,Agatha Christie,1957,Thriller & Mister,Roman polițist în care detectivul Miss Marple anchetează o crimă văzută dintr-un tren.
Aventurile lui Sherlock Holmes,Arthur Conan Doyle,1892,Thriller & Mister,Colecție de povestiri polițiste ale celebrului detectiv londonez.
Câinele din Baskerville,Arthur Conan Doyle,1902,Thriller & Mister,Roman polițist despre o legendă sumbră ce planează asupra unei familii englezești.
Codul lui Da Vinci,Dan Brown,2003,Thriller & Mister,Roman thriller despre o conspirație legată de simboluri ascunse în opere de artă.
Fata dispărută,Gillian Flynn,2012,Thriller & Mister,Roman thriller despre dispariția suspectă a unei soții și minciunile din spatele unui cuplu.
Bărbați care urăsc femeile,Stieg Larsson,2005,Thriller & Mister,Roman thriller despre un jurnalist și o hackeriță ce anchetează o dispariție veche.
Umbra vântului,Carlos Ruiz Zafón,2001,Thriller & Mister,Roman despre un tânăr care descoperă misterul din spatele unei cărți uitate.
Rendez-vous cu un necunoscut,Rodica Ojog-Brașoveanu,1975,Thriller & Mister,Roman polițist românesc din seria dedicată anchetatorului Melania Lupu.
"Thinking, Fast and Slow",Daniel Kahneman,2011,Non-ficțiune,"Explorează cele două moduri în care gândim: rapid și intuitiv, respectiv lent și analitic."
Freakonomics,"Steven Levitt, Stephen Dubner",2005,Non-ficțiune,Aplică raționamentul economic la fenomene neobișnuite din viața de zi cu zi.
The Power of Habit,Charles Duhigg,2012,Non-ficțiune,Analizează cum se formează obiceiurile și cum pot fi schimbate.
Atomic Habits,James Clear,2018,Non-ficțiune,Ghid practic despre construirea obiceiurilor bune prin schimbări mici și constante.
Outliers,Malcolm Gladwell,2008,Non-ficțiune,Analizează factorii ascunși din spatele succesului extraordinar al unor oameni.
Blink,Malcolm Gladwell,2005,Non-ficțiune,Despre puterea și limitele deciziilor luate în câteva secunde.
Quiet: The Power of Introverts,Susan Cain,2012,Non-ficțiune,Explorează valoarea introvertiților într-o lume care prețuiește extroversia.
Jurnalul de la Tescani,Andrei Pleșu,1993,Non-ficțiune,"Însemnări eseistice despre artă, natură și viața interioară."
Despre îngeri,Andrei Pleșu,2003,Non-ficțiune,Eseu despre reprezentările îngerilor în cultură și teologie.
Chipuri și măști ale tranziției,Gabriel Liiceanu,1996,Non-ficțiune,Eseuri despre transformările societății românești după 1989.
Ușa interzisă,Gabriel Liiceanu,2002,Non-ficțiune,"Eseu filosofic despre limite, interdicție și libertate."
Homo Deus,Yuval Noah Harari,2015,Non-ficțiune,Explorează viitorul posibil al speciei umane și tehnologiile emergente.
O scurtă istorie a timpului,Stephen Hawking,1988,Știință,"Explică în termeni accesibili originea universului, găurile negre și timpul."
Originea speciilor,Charles Darwin,1859,Știință,Prezintă teoria evoluției prin selecție naturală.
Cosmos,Carl Sagan,1980,Știință,"O călătorie prin univers, de la originea stelelor la locul omului în cosmos."
Gena egoistă,Richard Dawkins,1976,Știință,Explică evoluția din perspectiva genei ca unitate fundamentală a selecției naturale.
Primăvara tăcută,Rachel Carson,1962,Știință,Analizează efectele distructive ale pesticidelor asupra mediului înconjurător.
Structura revoluțiilor științifice,Thomas Kuhn,1962,Știință,Descrie modul în care se schimbă paradigmele fundamentale în știință.
Scurtă istorie a aproape a toate,Bill Bryson,2003,Știință,"Trece în revistă, pe înțelesul tuturor, marile descoperiri științifice."
Marele Proiect,"Stephen Hawking, Leonard Mlodinow",2010,Știință,Explorează originea universului din perspectiva fizicii moderne.
Universul într-o coajă de nucă,Stephen Hawking,2001,Știință,Prezintă concepte avansate de fizică teoretică într-un limbaj accesibil.
Ce este viața?,Erwin Schrödinger,1944,Știință,Eseu științific despre bazele fizice ale fenomenelor biologice.
Universul elegant,Brian Greene,1999,Știință,Introducere în teoria corzilor și încercarea de a unifica legile fizicii.
Uimitoarea ipoteză,Francis Crick,1994,Știință,Explorează conștiința umană din perspectiva neuroștiinței.
Sapiens: Scurtă istorie a omenirii,Yuval Noah Harari,2011,Istorie,Urmărește evoluția speciei umane de la triburi de vânători-culegători la civilizații moderne.
Ascensiunea și decăderea Imperiului Roman,Edward Gibbon,1776,Istorie,Analizează factorii care au dus la prăbușirea Imperiului Roman.
"Arme, microbi și oțel",Jared Diamond,1997,Istorie,"Explică de ce anumite civilizații au dominat altele, prin factori geografici și de mediu."
Al Doilea Război Mondial,Winston Churchill,1948,Istorie,Memorii și analiză a evenimentelor celui de-Al Doilea Război Mondial.
O istorie populară a Statelor Unite,Howard Zinn,1980,Istorie,Rescrie istoria americană din perspectiva grupurilor marginalizate.
Tunurile din august,Barbara Tuchman,1962,Istorie,Relatează evenimentele care au declanșat Primul Război Mondial.
O scurtă istorie a românilor pentru tineret,Neagu Djuvara,1999,Istorie,"Sinteză accesibilă a istoriei românilor, gândită pentru publicul tânăr."
De la Vlad Țepeș la Dracula vampirul,Neagu Djuvara,1995,Istorie,Analizează transformarea lui Vlad Țepeș în mitul occidental al vampirului.
Istorie și mit în conștiința românească,Lucian Boia,1997,Istorie,Analizează modul în care miturile naționale au modelat istoria românilor.
"România, țară de frontieră a Europei",Lucian Boia,2002,Istorie,Eseu despre poziția României la granița dintre lumi culturale diferite.
1913: Vara secolului trecut,Florian Illies,2012,Istorie,"Cronică lunară a anului dinaintea Primului Război Mondial, în Europa."
Scurta istorie a lumii,H.G. Wells,1922,Istorie,"Sinteză a istoriei universale, de la origini până în epoca modernă."
Steve Jobs,Walter Isaacson,2011,Biografie,"Biografie autorizată a cofondatorului Apple, bazată pe interviuri extinse."
Un lung drum spre libertate,Nelson Mandela,1994,Biografie,"Autobiografia liderului sud-african, de la copilărie până la președinție."
Jurnalul Annei Frank,Anne Frank,1947,Biografie,Însemnările unei adolescente evreice ascunse în timpul ocupației naziste.
Educated,Tara Westover,2018,Biografie,Memorii despre copilăria izolată a autoarei și drumul ei către educație.
Leonardo da Vinci,Walter Isaacson,2017,Biografie,"Biografie a lui Leonardo da Vinci, explorând geniul său artistic și științific."
Einstein: Viața și universul său,Walter Isaacson,2007,Biografie,Biografie a lui Albert Einstein și a descoperirilor sale în fizică.
Jurnalul fericirii,Nicolae Steinhardt,1991,Biografie,Însemnări de închisoare și meditații spirituale ale unui intelectual român.
Wild Swans,Jung Chang,1991,Biografie,"Memorii despre trei generații de femei dintr-o familie chineză, în secolul XX."
Becoming,Michelle Obama,2018,Biografie,Memoriile fostei prime-doamne a Statelor Unite.
Elon Musk,Walter Isaacson,2023,Biografie,"Biografie a antreprenorului Elon Musk, bazată pe acces direct la viața sa."
Benjamin Franklin: O viață americană,Walter Isaacson,2003,Biografie,Biografie a unuia dintre părinții fondatori ai Statelor Unite.
Confesiuni,Jean-Jacques Rousseau,1782,Biografie,Autobiografie considerată una dintre primele opere moderne ale genului.
Republica,Platon,,Filozofie,Dialog filosofic despre justiție și despre organizarea ideală a cetății.
Etica Nicomahică,Aristotel,,Filozofie,"Tratat despre virtute, fericire și viața bună."
Critica rațiunii pure,Immanuel Kant,1781,Filozofie,Tratat fundamental despre limitele și posibilitățile cunoașterii umane.
Așa grăit-a Zarathustra,Friedrich Nietzsche,1883,Filozofie,"Operă filosofică sub formă de poem, despre supraom și eterna reîntoarcere."
Ființă și timp,Martin Heidegger,1927,Filozofie,Tratat despre sensul existenței și al timpului.
Tratat de istorie a religiilor,Mircea Eliade,1949,Filozofie,Sinteză comparativă a fenomenelor religioase din diverse culturi.
Sacrul și profanul,Mircea Eliade,1957,Filozofie,Eseu despre distincția dintre experiența sacră și cea profană.
Rostirea filozofică românească,Constantin Noica,1970,Filozofie,Eseu despre specificul limbii române ca instrument al gândirii filosofice.
Pe culmile disperării,Emil Cioran,1934,Filozofie,"Volum de eseuri despre disperare, existență și moarte, scris în tinerețe."
Silogismele amărăciunii,Emil Cioran,1952,Filozofie,Culegere de aforisme și reflecții pesimiste despre condiția umană.
Omul în căutarea sensului,Viktor Frankl,1946,Psihologie,Mărturie despre supraviețuirea în lagărele naziste și despre căutarea sensului vieții.
Inteligența emoțională,Daniel Goleman,1995,Psihologie,Explică rolul emoțiilor în succesul personal și profesional.
Flux: Psihologia fericirii,Mihaly Csikszentmihalyi,1990,Psihologie,Despre starea de concentrare optimă numită „flux” și legătura ei cu fericirea.
Arta de a iubi,Erich Fromm,1956,Psihologie,Eseu despre iubire ca abilitate ce poate fi învățată și cultivată.
Frica de libertate,Erich Fromm,1941,Psihologie,Analizează de ce oamenii renunță uneori la libertate în favoarea autorității.
Omul și simbolurile sale,Carl Gustav Jung,1964,Psihologie,Introducere în psihologia analitică și în limbajul simbolurilor din vise.
Interpretarea viselor,Sigmund Freud,1899,Psihologie,"Lucrare fondatoare a psihanalizei, despre semnificația ascunsă a viselor."
Psihologia mulțimilor,Gustave Le Bon,1895,Psihologie,Analizează comportamentul și gândirea colectivă a mulțimilor.
Bogăția națiunilor,Adam Smith,1776,Economie & Afaceri,"Lucrare fondatoare a economiei moderne, despre piețe libere și diviziunea muncii."
Capitalul în secolul XXI,Thomas Piketty,2013,Economie & Afaceri,Analiză a inegalității economice de-a lungul istoriei capitalismului.
"Tatăl bogat, tatăl sărac",Robert Kiyosaki,1997,Economie & Afaceri,Ghid popular despre educația financiară și construirea independenței economice.
Șocul viitorului,Alvin Toffler,1970,Economie & Afaceri,Analizează efectele schimbărilor tehnologice rapide asupra societății.
Al treilea val,Alvin Toffler,1980,Economie & Afaceri,Descrie tranziția de la societatea industrială la cea informațională.
Cum să câștigi prieteni și să influențezi oamenii,Dale Carnegie,1936,Economie & Afaceri,Ghid clasic despre comunicare eficientă și relații interumane în afaceri.
Start with Why,Simon Sinek,2009,Economie & Afaceri,Despre rolul motivației și al scopului în leadership și afaceri.
Zero to One,Peter Thiel,2014,Economie & Afaceri,Eseu despre inovație și construirea unor afaceri cu adevărat originale.
Amintiri din copilărie,Ion Creangă,1892,Copii,Povestiri autobiografice despre copilăria petrecută în satul Humulești.
Harry Potter și Piatra Filozofală,J.K. Rowling,1997,Copii,Un băiat descoperă că este vrăjitor și pleacă la o școală de magie.
Alice în Țara Minunilor,Lewis Carroll,1865,Copii,O fetiță cade într-o gaură de iepure și descoperă o lume plină de personaje fantastice.
Micul Prinț,Antoine de Saint-Exupéry,1943,Copii,Un mic prinț de pe altă planetă călătorește prin univers și descoperă adevăruri simple despre viață.
Cartea Junglei,Rudyard Kipling,1894,Copii,Poveștile unui băiat crescut de animale în jungla indiană.
Charlie și fabrica de ciocolată,Roald Dahl,1964,Copii,Un băiat sărac câștigă o vizită la o fabrică de ciocolată misterioasă.
Winnie de Pluș,A.A. Milne,1926,Copii,Aventurile unui ursuleț de pluș și ale prietenilor săi din pădure.
Povești,Ion Creangă,1874,Copii,"Colecție de povești populare românești, printre care Punguța cu doi bani și Capra cu trei iezi."
"Fram, ursul polar",Cezar Petrescu,1934,Copii,"Povestea unui urs polar adus într-un circ, departe de ghețurile natale."
Dumbrava minunată,Mihail Sadoveanu,1926,Copii,Poveste despre o fetiță rătăcită într-o pădure fermecată.
La Medeleni,Ionel Teodoreanu,1925,Copii,Roman despre copilăria și adolescența a trei frați într-o moșie din Moldova.
Pinocchio,Carlo Collodi,1883,Copii,Povestea unei păpuși de lemn care își dorește să devină un copil adevărat.
Clean Code,Robert C. Martin,2008,Tehnologie,Ghid despre scrierea codului sursă lizibil și ușor de întreținut.
The Pragmatic Programmer,"Andrew Hunt, David Thomas",1999,Tehnologie,Sfaturi practice pentru dezvoltarea software de calitate.
Introduction to Algorithms,"Cormen, Leiserson, Rivest, Stein",1990,Tehnologie,Manual de referință despre algoritmi și structuri de date.
Code Complete,Steve McConnell,1993,Tehnologie,Ghid detaliat despre construcția software-ului la nivel de cod.
The Mythical Man-Month,Frederick Brooks,1975,Tehnologie,Eseuri clasice despre managementul proiectelor software.
Artificial Intelligence: A Modern Approach,"Stuart Russell, Peter Norvig",1995,Tehnologie,Manual de referință în inteligența artificială.
Structure and Interpretation of Computer Programs,"Abelson, Sussman",1985,Tehnologie,Introducere clasică în programare prin limbajul Scheme.
Design Patterns,"Gamma, Helm, Johnson, Vlissides",1994,Tehnologie,"Catalog de modele de proiectare software reutilizabile, orientate obiect."
Povestea artei,E.H. Gombrich,1950,Artă,"Trecere în revistă a istoriei artei, de la origini până în secolul XX."
Moduri de a vedea,John Berger,1972,Artă,Eseu despre modul în care privim și interpretăm imaginile și arta.
Vieți ale artiștilor,Giorgio Vasari,1550,Artă,Biografii ale marilor artiști ai Renașterii italiene.
Civilizația,Kenneth Clark,1969,Artă,Trecere în revistă a evoluției artei și culturii occidentale.
Istoria artei,H.W. Janson,1962,Artă,Manual de referință despre istoria artei occidentale.
Despre frumos,Umberto Eco,2004,Artă,Explorează conceptul de frumusețe de-a lungul istoriei culturii occidentale.
Pictura românească în imagini,George Oprescu,1959,Artă,Prezentare ilustrată a evoluției picturii românești.
Ce este arta?,Lev Tolstoi,1897,Artă,Eseu despre natura și scopul artei în societate.
Fluent Python,Luciano Ramalho,2015,Tehnologie,"A hands-on guide to writing effective, idiomatic Python code using the language's best features and libraries."
You Don't Know JS,Kyle Simpson,2014,Tehnologie,A deep dive into the core mechanisms of the JavaScript language for developers who want to truly understand it.
Refactoring,Martin Fowler,1999,Tehnologie,A catalog of techniques for improving the design of existing computer code without changing its behavior.
The Tipping Point,Malcolm Gladwell,2000,Non-ficțiune,Explores how small actions can trigger large-scale social epidemics and trends.
Deep Work,Cal Newport,2016,Non-ficțiune,Argues that the ability to focus without distraction is a valuable and increasingly rare skill in the modern economy.
The Lean Startup,Eric Ries,2011,Non-ficțiune,A methodology for developing businesses and products through validated learning and rapid experimentation.
Astrophysics for People in a Hurry,Neil deGrasse Tyson,2017,Știință,"A concise introduction to the universe, covering the Big Bang, black holes and dark matter in short chapters."
The Gene: An Intimate History,Siddhartha Mukherjee,2016,Știință,"Traces the history and future of genetics, from Mendel's peas to modern gene editing technology."
The Emperor of All Maladies,Siddhartha Mukherjee,2010,Știință,"A biography of cancer, tracing its history from ancient times to modern medical treatments."
Good to Great,Jim Collins,2001,Economie & Afaceri,"Analyzes why some companies make the leap from good performance to great, lasting results."
The Innovator's Dilemma,Clayton Christensen,1997,Economie & Afaceri,Explains why successful companies can fail by ignoring disruptive new technologies.
Thinking in Bets,Annie Duke,2018,Economie & Afaceri,Applies poker strategy to decision-making under uncertainty in business and everyday life.
Alexander Hamilton,Ron Chernow,2004,Biografie,"A comprehensive biography of one of the American founding fathers, later adapted into a Broadway musical."
The Wright Brothers,David McCullough,2015,Biografie,Tells the story of the two brothers who invented and flew the first successful airplane.
The Silk Roads,Peter Frankopan,2015,Istorie,Presents world history through the lens of trade routes connecting East and West.
Postwar,Tony Judt,2005,Istorie,A history of Europe from the end of the Second World War to the early twenty-first century.
The Martian,Andy Weir,2011,Fantezie & SF,Follows an astronaut stranded alone on Mars who must survive using science and ingenuity.
Snow Crash,Neal Stephenson,1992,Fantezie & SF,A cyberpunk novel imagining a virtual reality metaverse and its effects on real-world society.
In Cold Blood,Truman Capote,1966,Thriller & Mister,A true crime account of the brutal murder of a Kansas farm family and the investigation that followed.
The Silence of the Lambs,Thomas Harris,1988,Thriller & Mister,Follows an FBI trainee who seeks the help of an imprisoned serial killer to catch another murderer.
Thinking in Systems,Donella Meadows,2008,Psihologie,"An introduction to systems thinking, showing how complex systems behave and how to influence them effectively."
Grit,Angela Duckworth,2016,Psihologie,"Argues that passion and sustained persistence, not talent, are the key predictors of success."
Meditations,Marcus Aurelius,,Filozofie,A series of personal writings on Stoic philosophy recorded by a Roman emperor.
Beyond Good and Evil,Friedrich Nietzsche,1886,Filozofie,"A critique of past philosophers and traditional morality, laying the groundwork for Nietzsche's later ideas."
Where the Wild Things Are,Maurice Sendak,1963,Copii,A boy sent to bed without supper imagines a journey to an island inhabited by wild creatures.
Matilda,Roald Dahl,1988,Copii,Tells the story of a gifted young girl with telekinetic powers who stands up to a tyrannical headmistress.
The Waste Land,T.S. Eliot,1922,Poezie,A modernist poem exploring disillusionment and fragmentation after the First World War.
To Kill a Mockingbird,Harper Lee,1960,Literatură străină,"A story about racial injustice in the American South, seen through the eyes of a young girl."
The Catcher in the Rye,J.D. Salinger,1951,Literatură străină,Follows a disaffected teenager navigating alienation and loss over a few days in New York City.
A Streetcar Named Desire,Tennessee Williams,1947,Teatru,A drama about a woman's decline into fragility and desperation after moving in with her sister's family.
Art and Fear,"David Bayles, Ted Orland",1993,Artă,Explores the psychological obstacles that stand between artists and the ongoing practice of their work.
Kir Ianulea,Mihail Sadoveanu,1939,Literatură română,Nuvelă fantastică despre un diavol coborât în lumea oamenilor din Balcani.
Hanu Ancuței,Mihail Sadoveanu,1928,Literatură română,"Ciclu de povestiri spuse de călători la un han, în stil popular moldovenesc."
Neamul Șoimăreștilor,Mihail Sadoveanu,1915,Literatură română,Roman istoric despre răscoala unei familii de răzeși împotriva asupririi boierești.
Venea o moară pe Siret,Mihail Sadoveanu,1925,Literatură română,Roman despre conflictul dintre un morar și un cârciumar lacom.
Nicoară Potcoavă,Mihail Sadoveanu,1952,Literatură română,Roman istoric despre un domnitor moldovean de origine cazacă.
Popa Tanda,Ioan Slavici,1881,Literatură română,"Nuvelă despre un preot exilat într-un sat sărac, pe care ajunge să îl transforme."
Hagi-Tudose,Barbu Ștefănescu Delavrancea,1903,Literatură română,Nuvelă despre un negustor zgârcit obsedat de agonisirea banilor.
Din bătrâni,Barbu Ștefănescu Delavrancea,1898,Literatură română,Culegere de povestiri despre viața rurală și tradițiile românești vechi.
Rusoaica,Gib Mihăescu,1933,Literatură română,Roman despre o pasiune obsesivă a unui ofițer pentru o femeie enigmatică.
Adam și Eva,Liviu Rebreanu,1925,Literatură română,Roman despre reîncarnare și iubire de-a lungul mai multor epoci istorice.
Gorila,Liviu Rebreanu,1938,Literatură română,Roman despre abuzurile poliției politice în România interbelică.
Pupa russa,Gheorghe Crăciun,2004,Literatură română,"Roman postmodern despre memorie, corp și identitate în comunismul românesc."
Marele singuratic,Marin Preda,1972,Literatură română,Roman despre întoarcerea unui fost activist de stânga într-o lume schimbată.
Delirul,Marin Preda,1975,Literatură română,"Roman despre România anilor 1940, pe fondul evenimentelor celui de-Al Doilea Război Mondial."
Fefeleaga,Ioan Slavici,1893,Literatură română,Nuvelă despre sărăcia și suferința unei femei dintr-un sat transilvănean.
Cel care aduce norocul,Vasile Voiculescu,1966,Literatură română,Nuvelă fantastică românească despre destin și supranatural.
Femeia în roșu,"Bedros Horasangian, Mircea Nedelciu, Adriana Babeți",1990,Literatură română,Roman colectiv postmodern construit din perspective narative multiple.
Frankenstein,Mary Shelley,1818,Literatură străină,"A young scientist creates a living creature, with tragic consequences for both."
Dracula,Bram Stoker,1897,Literatură străină,Epistolary novel about a vampire count and those who hunt him.
Wuthering Heights,Emily Brontë,1847,Literatură străină,A dark tale of obsessive love and revenge on the Yorkshire moors.
Jane Eyre,Charlotte Brontë,1847,Literatură străină,Follows an orphaned governess's journey to independence and love.
Great Expectations,Charles Dickens,1861,Literatură străină,A young orphan's rise in fortune and moral education in Victorian England.
The Picture of Dorian Gray,Oscar Wilde,1890,Literatură străină,A man stays young while his portrait ages and bears his sins.
Heart of Darkness,Joseph Conrad,1899,Literatură străină,A voyage up the Congo River becomes a descent into moral horror.
The Old Man and the Sea,Ernest Hemingway,1952,Literatură străină,An aging fisherman battles a giant marlin far out at sea.
Slaughterhouse-Five,Kurt Vonnegut,1969,Literatură străină,A satirical anti-war novel about a man unstuck in time after surviving Dresden.
Brave New World,Aldous Huxley,1932,Literatură străină,A dystopia where citizens are engineered and conditioned for stability and pleasure.
Maestrul și Margareta,Mihail Bulgakov,1967,Literatură străină,"Roman satiric în care diavolul vizitează Moscova sovietică, împletit cu povestea lui Pilat din Pont."
Doctor Jivago,Boris Pasternak,1957,Literatură străină,Roman despre destinul unui medic și poet pe fondul revoluției ruse.
Candid,Voltaire,1759,Literatură străină,Poveste filosofică satirică despre un tânăr naiv care traversează dezastre absurde.
Cuore (Inimă de copil),Edmondo De Amicis,1886,Literatură străină,"Jurnalul fictiv al unui elev italian, cu povestiri despre curaj și prietenie."
Iliada,Homer,,Poezie,Epopee despre ultimele săptămâni ale asediului Troiei și mânia lui Ahile.
Odiseea,Homer,,Poezie,Epopee despre întoarcerea acasă a lui Ulise după războiul troian.
Divina Comedie,Dante Alighieri,1320,Poezie,"Poem despre o călătorie imaginară prin Infern, Purgatoriu și Paradis."
Paradisul pierdut,John Milton,1667,Poezie,Epopee despre căderea lui Adam și a Evei și izgonirea din Eden.
Ode,John Keats,1819,Poezie,"Colecție de ode romantice despre frumusețe, artă și trecerea timpului."
Flori de mucigai,Tudor Arghezi,1931,Poezie,"Volum de poezie inspirat de experiența detenției, cu un limbaj dur și direct."
Iluminări,Arthur Rimbaud,1886,Poezie,"Culegere de poeme în proză, cu imagini vizionare și limbaj experimental."
Tristele,Ovidiu,,Poezie,Culegere de elegii scrise în exilul de la Pontul Euxin.
Alcools,Guillaume Apollinaire,1913,Poezie,"Volum de poezie modernistă franceză, fără punctuație, despre iubire și modernitate."
Necuvintele,Nichita Stănescu,1969,Poezie,Volum de poezie despre limitele limbajului în exprimarea existenței.
Apus de soare,Barbu Ștefănescu Delavrancea,1909,Teatru,Dramă istorică despre ultimii ani din viața lui Ștefan cel Mare.
Suflete tari,Camil Petrescu,1922,Teatru,Dramă despre orgoliu și incompatibilitate socială într-o poveste de iubire.
Jocul ielelor,Camil Petrescu,1918,Teatru,Dramă despre un idealist dezamăgit de compromisurile lumii politice.
"Take, Ianke și Cadâr",Victor Ion Popa,1933,Teatru,Comedie despre prietenia dintre trei negustori de etnii diferite.
Romeo și Julieta,William Shakespeare,1597,Teatru,Tragedie despre iubirea interzisă a doi tineri din familii rivale.
Regele Lear,William Shakespeare,1606,Teatru,Tragedie despre un rege care își împarte regatul și e trădat de propriile fiice.
Așteptându-l pe Godot,Samuel Beckett,1953,Teatru,Piesă a teatrului absurdului despre doi vagabonzi care așteaptă pe cineva care nu vine niciodată.
Livada de vișini,Anton Cehov,1904,Teatru,Dramă despre o familie nobiliară rusă care își pierde moșia și modul de viață.
Stăpânul Inelelor: Cele Două Turnuri,J.R.R. Tolkien,1954,Fantezie & SF,"A doua parte a epopeii fantasy, urmărind frăția destrămată în lupta împotriva răului."
Stăpânul Inelelor: Întoarcerea Regelui,J.R.R. Tolkien,1955,Fantezie & SF,"Încheierea epopeii fantasy, cu bătălia finală și distrugerea inelului."
Poveste fără sfârșit,Michael Ende,1979,Fantezie & SF,Un băiat citește o carte magică și e absorbit într-o lume fantastică pe cale de dispariție.
American Gods,Neil Gaiman,2001,Fantezie & SF,"Roman fantasy despre zeii vechi uitați, aflați în conflict cu zeitățile moderne ale Americii."
Cele Nouă Prinți ai Amberului,Roger Zelazny,1970,Fantezie & SF,Primul volum dintr-un ciclu fantasy despre o familie de prinți nemuritori.
Hyperion,Dan Simmons,1989,Fantezie & SF,Roman SF despre un grup de pelerini care își povestesc istoriile în drum spre o planetă misterioasă.
Ubik,Philip K. Dick,1969,Fantezie & SF,"Roman SF despre realitate, moarte și un produs misterios care pare să oprească dezintegrarea lumii."
Vis de androizi? (Do Androids Dream of Electric Sheep?),Philip K. Dick,1968,Fantezie & SF,Roman SF despre un vânător de recompense însărcinat să elimine androizi evadați.
Cuadratura cercului,Gheorghe Săsărman,1975,Fantezie & SF,Culegere de povestiri SF românești despre orașe imaginare.
The Talented Mr. Ripley,Patricia Highsmith,1955,Thriller & Mister,"A charming con man assumes another man's identity, with deadly consequences."
Rebecca,Daphne du Maurier,1938,Thriller & Mister,A young bride is haunted by the memory of her husband's first wife.
The Big Sleep,Raymond Chandler,1939,Thriller & Mister,A private detective is drawn into a web of blackmail and murder in Los Angeles.
The ABC Murders,Agatha Christie,1936,Thriller & Mister,Hercule Poirot investigates a killer who strikes in alphabetical order.
Misery,Stephen King,1987,Thriller & Mister,A novelist is held captive by his self-proclaimed biggest fan after a car crash.
The Girl on the Train,Paula Hawkins,2015,Thriller & Mister,A woman becomes entangled in a missing person investigation she witnessed from a train.
Shutter Island,Dennis Lehane,2003,Thriller & Mister,A U.S. Marshal investigates a disappearance at a psychiatric facility on a remote island.
The 7 Habits of Highly Effective People,Stephen Covey,1989,Non-ficțiune,A framework for personal and professional effectiveness built around seven core habits.
Never Split the Difference,Chris Voss,2016,Non-ficțiune,Negotiation techniques from a former FBI hostage negotiator.
Salt: A World History,Mark Kurlansky,2002,Non-ficțiune,"Traces how a common mineral shaped trade, economies, and civilizations."
Stiff: The Curious Lives of Human Cadavers,Mary Roach,2003,Non-ficțiune,An irreverent look at what happens to donated human bodies.
The Omnivore's Dilemma,Michael Pollan,2006,Non-ficțiune,"Investigates the origins of the food we eat, from industrial farms to foraging."
Bowling Alone,Robert Putnam,2000,Non-ficțiune,Analizează declinul capitalului social și al implicării civice în America.
Nudge,"Richard Thaler, Cass Sunstein",2008,Non-ficțiune,Explores how small changes in choice design can improve decisions.
Predictably Irrational,Dan Ariely,2008,Non-ficțiune,"Examines the hidden, systematic ways people make irrational decisions."
Chaos: Making a New Science,James Gleick,1987,Știință,Introduces chaos theory and its impact across multiple scientific fields.
The Double Helix,James Watson,1968,Știință,A personal account of the discovery of the structure of DNA.
What If?,Randall Munroe,2014,Știință,Serious scientific answers to absurd hypothetical questions.
The Immortal Life of Henrietta Lacks,Rebecca Skloot,2010,Știință,The story of the cells taken without consent that revolutionized medical research.
Longitude,Dava Sobel,1995,Știință,The story of the clockmaker who solved the problem of measuring longitude at sea.
The Man Who Mistook His Wife for a Hat,Oliver Sacks,1985,Știință,Case studies of patients with unusual neurological disorders.
Six Easy Pieces,Richard Feynman,1994,Știință,Accessible introductory lectures on the fundamentals of physics.
Sapiens (ediție ilustrată),Yuval Noah Harari,2011,Știință,Ediție ilustrată a sintezei despre evoluția biologică și culturală a omului.
1491,Charles C. Mann,2005,Istorie,Reexaminează civilizațiile americane dinaintea sosirii lui Columb.
SPQR: A History of Ancient Rome,Mary Beard,2015,Istorie,"O istorie cuprinzătoare a Romei antice, de la origini la extinderea cetățeniei romane."
The Rise and Fall of the Third Reich,William Shirer,1960,Istorie,"Istorie detaliată a Germaniei naziste, de la ascensiune până la prăbușire."
Istoria Războiului Peloponesiac,Tucidide,,Istorie,Relatare contemporană a războiului dintre Atena și Sparta din Grecia antică.
Istoriile,Herodot,,Istorie,"Prima lucrare istoriografică majoră, despre războaiele greco-persane."
Genghis Khan and the Making of the Modern World,Jack Weatherford,2004,Istorie,Reevaluează impactul lui Genghis Khan și al Imperiului Mongol asupra lumii moderne.
Istoria românilor din cele mai vechi timpuri până astăzi,Constantin C. Giurescu,1935,Istorie,"Sinteză de referință a istoriei românilor, de la origini până în epoca modernă."
Postwar (ediție extinsă),Tony Judt,2005,Istorie,Ediție extinsă a istoriei Europei de după cel de-Al Doilea Război Mondial.
The Autobiography of Malcolm X,"Malcolm X, Alex Haley",1965,Biografie,"Memoriile liderului drepturilor civile, de la copilărie la activismul politic."
Unbroken,Laura Hillenbrand,2010,Biografie,The story of an Olympic runner who survived a plane crash and Japanese POW camps.
Into the Wild,Jon Krakauer,1996,Biografie,Reconstituie ultima călătorie a unui tânăr care a renunțat la civilizație pentru sălbăticia Alaskăi.
Team of Rivals,Doris Kearns Goodwin,2005,Biografie,Biografie a lui Abraham Lincoln și a rivalilor săi politici deveniți colaboratori.
Just Kids,Patti Smith,2010,Biografie,Memorii despre prietenia dintre autoare și fotograful Robert Mapplethorpe.
Born a Crime,Trevor Noah,2016,Biografie,Memoriile comediantului despre copilăria petrecută în Africa de Sud a apartheidului.
The Glass Castle,Jeannette Walls,2005,Biografie,Memorii despre o copilărie nomadă și haotică alături de părinți neconvenționali.
Viața lui Mihai Eminescu,George Călinescu,1932,Biografie,Biografie de referință a poetului național român.
Discurs asupra metodei,René Descartes,1637,Filozofie,"Tratat despre metoda rațională de căutare a adevărului, sursa cogito-ului cartezian."
Eseuri,Michel de Montaigne,1580,Filozofie,Colecție de eseuri personale ce a fondat genul ca formă literară.
Utilitarismul,John Stuart Mill,1863,Filozofie,Tratat despre etica bazată pe maximizarea fericirii generale.
Existențialismul este un umanism,Jean-Paul Sartre,1946,Filozofie,Conferință în care Sartre apără existențialismul ca filosofie a libertății și responsabilității.
Al doilea sex,Simone de Beauvoir,1949,Filozofie,"Tratat fondator al filosofiei feministe moderne, despre condiția femeii."
Ființa și neantul,Jean-Paul Sartre,1943,Filozofie,Tratat major de filosofie existențialistă despre libertate și conștiință.
Tratatul teologico-politic,Baruch Spinoza,1670,Filozofie,Tratat despre libertatea de gândire și relația dintre religie și stat.
Ars Poetica,Horațiu,,Filozofie,"Epistolă despre principiile artei poetice, influentă în estetica occidentală."
Mindset: The New Psychology of Success,Carol Dweck,2006,Psihologie,Distinge între mentalitatea fixă și cea de creștere și impactul lor asupra succesului.
The Body Keeps the Score,Bessel van der Kolk,2014,Psihologie,Explorează efectele traumei asupra corpului și minții și metodele de vindecare.
Influence: The Psychology of Persuasion,Robert Cialdini,1984,Psihologie,Analizează principiile psihologice din spatele persuasiunii și conformării.
Games People Play,Eric Berne,1964,Psihologie,Introduce analiza tranzacțională prin tipare ascunse din interacțiunile sociale.
Learned Optimism,Martin Seligman,1991,Psihologie,Despre stilul explicativ optimist versus pesimist și efectele lui asupra vieții.
The Road Less Traveled,M. Scott Peck,1978,Psihologie,"Explorează disciplina, iubirea și creșterea spirituală din perspectivă psihologică."
The Happiness Hypothesis,Jonathan Haidt,2006,Psihologie,Analizează ideile despre fericire din filosofia antică prin prisma psihologiei moderne.
Motivation and Personality,Abraham Maslow,1954,Psihologie,Lucrare fondatoare a ierarhiei nevoilor umane a lui Maslow.
The Black Swan,Nassim Nicholas Taleb,2007,Economie & Afaceri,"Despre impactul evenimentelor rare, imprevizibile asupra economiei și istoriei."
Antifragile,Nassim Nicholas Taleb,2012,Economie & Afaceri,"Explorează sistemele care se întăresc, nu doar rezistă, în fața dezordinii."
The E-Myth Revisited,Michael Gerber,1995,Economie & Afaceri,Explică de ce majoritatea afacerilor mici eșuează și ce le poate face să funcționeze.
Purple Cow,Seth Godin,2003,Economie & Afaceri,Despre necesitatea de a crea produse remarcabile într-o piață saturată.
Built to Last,"Jim Collins, Jerry Porras",1994,Economie & Afaceri,Studiază ce diferențiază companiile vizionare de longevitate de restul.
The 4-Hour Workweek,Timothy Ferriss,2007,Economie & Afaceri,Propune strategii de eficientizare a muncii și a stilului de viață antreprenorial.
Poor Economics,"Abhijit Banerjee, Esther Duflo",2011,Economie & Afaceri,Analizează sărăcia globală printr-o abordare economică bazată pe dovezi.
Peter Pan,J.M. Barrie,1911,Copii,Povestea unui băiat care nu vrea să crească și a Țării de Nicăieri.
Vrăjitorul din Oz,L. Frank Baum,1900,Copii,O fetiță și prietenii ei călătoresc spre Orașul de Smarald pentru a-și îndeplini dorințele.
Poveștile fraților Grimm,Frații Grimm,1812,Copii,"Culegere de povești populare germane, printre care Albă ca Zăpada și Cenușăreasa."
Poveștile lui Andersen,Hans Christian Andersen,1835,Copii,Culegere de povești printre care Mica Sirenă și Rățușca cea urâtă.
Heidi,Johanna Spyri,1881,Copii,Povestea unei fetițe crescute de bunicul ei în Alpii elvețieni.
Minunata călătorie a lui Nils Holgersson,Selma Lagerlöf,1906,Copii,Un băiat neastâmpărat e transformat într-un spiriduș și călătorește cu gâștele sălbatice.
Cronicile Narniei: Prințul Caspian,C.S. Lewis,1951,Copii,Cei patru copii se întorc în Narnia pentru a-l ajuta pe prințul Caspian.
James și piersica uriașă,Roald Dahl,1961,Copii,Un băiat orfan călătorește într-o piersică magică uriașă alături de insecte vorbitoare.
The Art of Computer Programming,Donald Knuth,1968,Tehnologie,"Serie de referință despre algoritmi fundamentali, considerată o piatră de temelie a informaticii."
Head First Design Patterns,"Eric Freeman, Elisabeth Freeman",2004,Tehnologie,Introducere vizuală și accesibilă în modelele de proiectare orientate obiect.
Cracking the Coding Interview,Gayle Laakmann McDowell,2008,Tehnologie,Ghid de pregătire pentru interviuri tehnice de programare.
The Phoenix Project,Gene Kim,2013,Tehnologie,Roman despre transformarea IT și practicile DevOps într-o companie fictivă.
Clean Architecture,Robert C. Martin,2017,Tehnologie,Principii de proiectare software pentru sisteme ușor de întreținut și extins.
Grokking Algorithms,Aditya Bhargava,2016,Tehnologie,"Introducere ilustrată în algoritmi, gândită pentru începători."
Eloquent JavaScript,Marijn Haverbeke,2011,Tehnologie,Introducere modernă în limbajul JavaScript și programarea web.
Art Through the Ages,Helen Gardner,1926,Artă,"Manual de referință despre istoria artei mondiale, de la preistorie la arta modernă."
The Shock of the New,Robert Hughes,1980,Artă,Analizează evoluția artei moderne și reacțiile societății față de inovațiile ei.
Ars Poetica (Horațiu),Horațiu,,Artă,Epistolă antică despre principiile compoziției artistice și literare.
Laocoon,Gotthold Ephraim Lessing,1766,Artă,Eseu despre granițele dintre poezie și artele vizuale.
Camera Lucida,Roland Barthes,1980,Artă,Eseu despre natura și puterea emoțională a fotografiei.
Despre fotografie (On Photography),Susan Sontag,1977,Artă,Eseuri despre rolul fotografiei în modelarea percepției asupra realității.
Pictorul vieții moderne,Charles Baudelaire,1863,Artă,"Eseu despre artă și modernitate, centrat pe figura artistului observator al orașului."
